{"cameraMode":{"drawMode":0,"name":"Shaded","section":"Shading Mode"},"sceneLighting":false,"audioPlay":false,"sceneViewState":{"showFog":true,"showMaterialUpdate":false,"showSkybox":true,"showFlares":true,"showImageEffects":true,"showParticleSystems":true},"in2DMode":false,"pivot":{"x":0.018999576568603517,"y":-0.25807416439056399,"z":-0.3414041996002197},"rotation":{"x":-0.3535352051258087,"y":0.3493228554725647,"z":-0.1443301886320114,"w":-0.8556606769561768},"size":5.577023506164551,"orthographic":false}